name                , phone         , email                                   , address                             , region                        , numberrange, currency, country
Kibo Hyde           , (436) 111-7387, lorem.vitae.odio@aol.couk               , 5786 Tempus Rd.                     , Zhōngnán                      , 8          , $1.86   , Norway
Michael Wheeler     , (757) 238-4323, enim.gravida@yahoo.org                  , "Ap #430-6049 Ornare, Street"       , Hessen                        , 6          , $45.30  , Turkey
Dara Joseph         , (812) 306-5347, vivamus.nibh@hotmail.ca                 , 124-412 Aptent Avenue               , Dnipropetrovsk oblast         , 3          , $89.51  , India
Rinah Ashley        , 1-214-247-2511, risus.nulla.eget@yahoo.ca               , "P.O. Box 279, 1814 Enim. St."      , Lai Châu                      , 8          , $36.71  , Italy
Jared Pace          , 1-483-776-7583, at.velit@yahoo.ca                       , "P.O. Box 244, 3586 Aliquam Ave"    , Loreto                        , 8          , $4.18   , Indonesia
April Snow          , 1-343-771-4746, morbi.neque@google.com                  , 197-633 Orci. St.                   , Gangwon                       , 8          , $9.40   , New Zealand
Zoe Ingram          , (140) 783-1807, mi.fringilla@icloud.net                 , 318-5132 Dictum Rd.                 , Tabasco                       , 0          , $45.56  , Vietnam
Dora Nicholson      , 1-617-457-6025, phasellus.dolor@icloud.edu              , Ap #155-2143 Nisl. Ave              , Goiás                         , 9          , $74.58  , Indonesia
Kalia Soto          , (407) 510-3377, per@protonmail.ca                       , Ap #458-4765 Pellentesque Ave       , Pará                          , 8          , $78.79  , Peru
Laith Mccormick     , (474) 981-3352, non.dapibus.rutrum@icloud.edu           , 918-454 Rutrum St.                  , North Island                  , 4          , $43.54  , Nigeria
Vanna Harding       , (546) 626-7136, fermentum.metus@google.ca               , 1673 Porttitor Av.                  , Texas                         , 1          , $21.35  , Chile
Ferris Booth        , 1-211-251-7283, at.nisi.cum@hotmail.edu                 , 6756 Lacinia Road                   , Tyrol                         , 5          , $26.70  , Austria
Jerome Richmond     , 1-793-565-1777, sed.turpis@google.net                   , "P.O. Box 688, 7527 Risus Rd."      , Ternopil oblast               , 2          , $12.31  , India
Conan Snyder        , 1-733-952-7571, mollis.duis@outlook.ca                  , Ap #230-7896 Tellus. Rd.            , São Paulo                     , 1          , $5.52   , Brazil
Herman O'brien      , (456) 564-3164, nascetur.ridiculus@outlook.com          , 399-9372 In Ave                     , Central Region                , 9          , $50.79  , Peru
Drake Glenn         , 1-286-762-1251, auctor.ullamcorper@hotmail.edu          , 366 Nunc St.                        , Auvergne                      , 7          , $94.37  , Turkey
Hedda Blackwell     , 1-844-901-4320, sollicitudin.a.malesuada@hotmail.com    , 1212 A St.                          , West Lothian                  , 4          , $28.69  , Mexico
Adele Summers       , 1-283-224-2827, nulla@outlook.ca                        , "P.O. Box 807, 6613 Magna. St."     , Sachsen-Anhalt                , 8          , $76.26  , India
Hunter Grant        , (340) 439-6887, id.magna.et@aol.net                     , 7429 Consectetuer Avenue            , Poltava oblast                , 4          , $1.33   , India
Knox Moss           , 1-855-718-2422, felis.adipiscing@outlook.net            , "P.O. Box 316, 1753 Amet Rd."       , Tabasco                       , 0          , $91.28  , Australia
Aiko Martin         , 1-122-122-2628, mauris.ut.quam@hotmail.net              , Ap #370-8138 Sed Street             , Jeju                          , 9          , $45.09  , Russian Federation
Heather Ratliff     , 1-125-685-6730, praesent.eu@icloud.couk                 , 8963 Mus. Rd.                       , Somerset                      , 4          , $89.46  , Canada
Rae Stuart          , 1-352-234-6946, consectetuer.adipiscing@icloud.com      , 3460 Arcu Ave                       , Gelderland                    , 9          , $53.59  , Singapore
Hu Hoffman          , 1-571-816-5152, malesuada.fames@hotmail.net             , 962-1026 Arcu St.                   , Sumy oblast                   , 8          , $92.86  , United Kingdom
Ivor Daugherty      , 1-635-421-7615, nec.malesuada@aol.org                   , "P.O. Box 328, 8103 Rutrum. Road"   , Bangsamoro                    , 1          , $67.48  , South Africa
Michael Foster      , (294) 169-6454, vulputate.posuere@outlook.ca            , 1903 Varius Ave                     , Tambov Oblast                 , 1          , $75.48  , Costa Rica
Emerson Stanley     , (282) 956-1965, lectus.a@yahoo.ca                       , Ap #418-3236 Neque Av.              , Connacht                      , 6          , $37.35  , United Kingdom
Thor Schmidt        , 1-125-595-7649, a@google.couk                           , 9296 Vulputate Rd.                  , Zaporizhzhia oblast           , 4          , $27.11  , Ireland
Porter Haynes       , 1-817-761-3355, lacinia@hotmail.com                     , 676-6486 Dolor Av.                  , Swiętokrzyskie                , 8          , $58.84  , Russian Federation
Maisie Steele       , 1-742-823-8414, pretium.et@protonmail.org               , Ap #898-9908 Ut Avenue              , Jharkhand                     , 8          , $66.09  , Colombia
Howard Benton       , 1-284-600-6550, in.lorem.donec@icloud.couk              , "P.O. Box 183, 921 Tincidunt Road"  , South Island                  , 1          , $80.93  , Spain
Elmo English        , 1-431-895-8448, quis.tristique@hotmail.com              , 205-3707 Lacus. Ave                 , Hà Tĩnh                       , 1          , $9.39   , United States
Tamekah Buckley     , (189) 914-4316, cras@outlook.edu                        , "839-5983 Ultrices, Rd."            , Atlántico                     , 4          , $66.23  , South Africa
Grant Livingston    , (863) 721-1458, dictum@protonmail.org                   , "Ap #568-1962 Non, Road"            , Corse                         , 4          , $50.45  , India
Wallace Brooks      , 1-127-566-5218, sollicitudin.a@hotmail.ca               , 709-6190 Eu Rd.                     , Sikkim                        , 0          , $49.51  , France
Pamela Mccormick    , 1-454-361-2771, ac@protonmail.ca                        , 2445 Ornare Road                    , Wisconsin                     , 8          , $95.40  , Pakistan
Iona Galloway       , (447) 382-5554, fermentum.convallis@yahoo.ca            , 7994 Odio. Avenue                   , Huila                         , 8          , $91.99  , Austria
Indira Gill         , 1-942-824-9513, facilisis.suspendisse@protonmail.ca     , Ap #725-2406 Libero. Rd.            , Ulster                        , 4          , $57.12  , Nigeria
Claudia Gonzales    , (718) 245-7195, ligula.aliquam@yahoo.edu                , "P.O. Box 738, 8949 Non Rd."        , Tyrol                         , 10         , $41.86  , Philippines
Tobias Stokes       , 1-151-402-4634, adipiscing.non.luctus@protonmail.ca     , 428-3036 Ultrices Ave               , Corse                         , 0          , $21.02  , France
Judah Ryan          , (897) 715-2703, sit@yahoo.edu                           , "P.O. Box 571, 4756 Aliquet. Avenue", Limpopo                       , 3          , $81.88  , Costa Rica
Haviva Gardner      , 1-439-614-2542, urna.nullam@protonmail.org              , "P.O. Box 544, 9447 Gravida. Road"  , Castilla y León               , 8          , $98.99  , Russian Federation
Kyla Glover         , (349) 755-5545, feugiat.sed@google.ca                   , Ap #265-229 Tincidunt Street        , Northern Mindanao             , 5          , $68.61  , New Zealand
Melodie Gonzalez    , 1-483-547-7451, nam.ac.nulla@yahoo.net                  , Ap #874-8581 Rutrum. Av.            , Eastern Cape                  , 8          , $90.99  , Vietnam
Martina Fleming     , (319) 977-7788, lectus.a.sollicitudin@hotmail.com       , "P.O. Box 725, 9385 Ultrices. St."  , North Island                  , 6          , $12.66  , Italy
Maxine Cain         , 1-912-755-3648, ipsum.dolor.sit@yahoo.org               , Ap #632-4643 Eu Road                , Odessa oblast                 , 9          , $49.90  , Pakistan
Judith Sullivan     , (126) 410-8458, tempor.est@aol.ca                       , 998-3169 Nunc Av.                   , Dōngběi                       , 0          , $79.34  , Netherlands
Cade Cline          , (454) 662-9737, aenean.egestas@aol.couk                 , Ap #884-364 Facilisis Rd.           , Oost-Vlaanderen               , 8          , $96.48  , South Korea
Myles Oliver        , 1-483-364-5484, dis.parturient.montes@hotmail.net       , 584-7348 Lacinia. Ave               , Cartago                       , 8          , $67.97  , South Korea
Geoffrey Cooke      , (305) 579-5054, dolor.vitae@outlook.com                 , 817-5332 Libero. Rd.                , Ulster                        , 4          , $35.99  , Nigeria
Savannah Harvey     , 1-265-515-9965, auctor.odio.a@outlook.edu               , 704-6220 Et Ave                     , Overijssel                    , 8          , $60.31  , Belgium
Ralph Walters       , 1-249-482-1737, etiam.imperdiet@protonmail.org          , 936-2944 Mauris St.                 , San José                      , 3          , $38.83  , Italy
Ursa Floyd          , (228) 333-3484, vitae.purus@yahoo.ca                    , 1046 Lobortis Rd.                   , North Island                  , 10         , $76.01  , Vietnam
Demetrius Tucker    , (275) 334-5315, vel.nisl@protonmail.net                 , 617-1609 Nullam Avenue              , Alajuela                      , 1          , $10.14  , Norway
Naomi Rhodes        , (821) 984-4198, phasellus.dolor@icloud.ca               , 923 Sem Ave                         , Swiętokrzyskie                , 4          , $4.11   , Poland
Uriel Snow          , (272) 374-6384, scelerisque.neque@outlook.couk          , 3343 Etiam Road                     , Kahramanmaraş                 , 10         , $30.00  , Germany
Cailin Waters       , 1-282-542-8393, congue.a.aliquet@aol.ca                 , Ap #706-8397 Ornare Road            , Himachal Pradesh              , 9          , $83.85  , Nigeria
Lane Myers          , 1-313-420-4882, nulla.in.tincidunt@yahoo.ca             , 552-586 Scelerisque Rd.             , Gangwon                       , 8          , $79.80  , United States
Dennis Guerra       , (487) 406-5964, placerat.augue@protonmail.couk          , Ap #655-1038 Neque Rd.              , Aberdeenshire                 , 2          , $59.31  , Nigeria
Justine Mcmahon     , (413) 995-2837, malesuada.fames@google.edu              , Ap #908-1438 Massa Av.              , Huáběi                        , 1          , $72.21  , New Zealand
Delilah Jordan      , (553) 372-2369, metus@google.com                        , Ap #450-9761 Laoreet Street         , West Region                   , 4          , $73.94  , Brazil
Molly Sweet         , 1-857-220-5629, lorem.luctus@icloud.ca                  , 4068 Purus. Av.                     , Khyber Pakhtoonkhwa           , 3          , $43.90  , Canada
Jelani Bradshaw     , 1-508-482-9561, ut@hotmail.edu                          , Ap #619-3696 Nunc Road              , Xīnán                         , 2          , $0.72   , Colombia
Lewis Conner        , 1-370-214-1393, vivamus.molestie.dapibus@aol.com        , "P.O. Box 532, 4480 Eget, St."      , Odessa oblast                 , 9          , $48.89  , France
Isabella Nichols    , 1-362-442-6219, lacus.pede@yahoo.org                    , Ap #736-4765 Vivamus Ave            , Brussels Hoofdstedelijk Gewest, 6          , $70.34  , New Zealand
Danielle Fitzgerald , 1-379-872-7442, ultricies.ornare@icloud.net             , "P.O. Box 609, 6998 Est, St."       , Puebla                        , 1          , $76.12  , Ukraine
Juliet Rios         , 1-542-973-0238, nullam@protonmail.ca                    , Ap #731-1182 Proin Street           , North Island                  , 8          , $20.28  , Belgium
Christopher Koch    , (514) 221-5889, sit@icloud.com                          , 5516 Vehicula Road                  , Dalarnas län                  , 0          , $32.51  , Ukraine
Imogene Harris      , 1-525-343-3304, lorem@hotmail.couk                      , Ap #218-4948 Nulla St.              , Vlaams-Brabant                , 2          , $39.41  , Poland
Sandra Joyce        , 1-583-366-2904, orci@yahoo.ca                           , 2189 Diam Av.                       , North Region                  , 7          , $80.15  , Italy
Shafira Boyle       , (887) 196-6764, enim.non@aol.com                        , 645-7443 Sed Rd.                    , Tasmania                      , 2          , $31.55  , Chile
Aladdin Cortez      , 1-218-613-7575, ut@google.net                           , "P.O. Box 983, 1971 Montes, Road"   , FATA                          , 7          , $97.25  , Costa Rica
Dexter West         , 1-744-931-4050, et.commodo@protonmail.net               , "441-1496 Lorem, Road"              , Carinthia                     , 8          , $47.14  , Netherlands
Alexander Weaver    , (261) 778-1422, non@google.ca                           , "P.O. Box 365, 240 Volutpat Rd."    , Extremadura                   , 2          , $56.52  , Ukraine
Ishmael Lawrence    , 1-429-401-1378, sollicitudin.adipiscing.ligula@yahoo.com, 116-7909 Luctus Rd.                 , South Gyeongsang              , 1          , $92.80  , Singapore
Evangeline Mcintyre , 1-571-845-0741, eros.nam@yahoo.couk                     , "P.O. Box 538, 7844 Aenean Street"  , Cagayan Valley                , 0          , $79.40  , Sweden
Wayne Mckenzie      , (233) 223-1638, eu.metus@yahoo.org                      , 3052 Sem Av.                        , Biobío                        , 1          , $0.84   , Italy
Clayton Fox         , 1-411-422-7640, non.lobortis@yahoo.com                  , "P.O. Box 326, 7971 Amet St."       , Nevada                        , 9          , $61.21  , Canada
Gail Cervantes      , (831) 363-2590, penatibus.et@aol.com                    , 1656 Eros Avenue                    , Cartago                       , 8          , $0.58   , United Kingdom
Maryam Newton       , (644) 481-1377, mollis.nec.cursus@yahoo.net             , 8543 Mauris Road                    , Zhōngnán                      , 7          , $80.15  , Spain
Abbot Kelley        , (367) 788-3320, volutpat.nulla@outlook.edu              , "P.O. Box 474, 2898 Ut, Av."        , Dalarnas län                  , 9          , $72.25  , New Zealand
Anthony Cunningham  , 1-998-207-1357, risus.a@hotmail.com                     , 2192 Consectetuer Rd.               , Punjab                        , 9          , $24.78  , France
Quin Hahn           , 1-546-405-6217, arcu.et@icloud.com                      , 6572 Lorem Road                     , Kincardineshire               , 9          , $66.44  , Sweden
Vielka Robbins      , 1-833-415-8565, elit.fermentum@aol.org                  , Ap #381-6122 Porttitor Street       , Kahramanmaraş                 , 8          , $42.10  , Philippines
Angela Cooley       , 1-642-597-7479, elit@google.ca                          , "P.O. Box 535, 8083 Accumsan Avenue", Loreto                        , 5          , $60.27  , Netherlands
August Daniels      , 1-411-353-3264, erat.vitae.risus@icloud.couk            , 835-6842 Libero St.                 , Veneto                        , 1          , $96.08  , Costa Rica
Roth Hensley        , (201) 837-5952, etiam.bibendum.fermentum@outlook.ca     , "5538 In, Street"                   , Vinnytsia oblast              , 0          , $86.88  , Brazil
Vanna Miranda       , (875) 790-7128, nulla@yahoo.com                         , "3869 Placerat, Road"               , Rheinland-Pfalz               , 10         , $45.02  , Turkey
Kalia Douglas       , (426) 629-7108, orci.donec@google.ca                    , Ap #162-2733 Fringilla St.          , Antwerpen                     , 1          , $1.54   , South Korea
Gray Hartman        , (663) 996-9817, semper.dui@yahoo.com                    , 858-2548 Nec Avenue                 , Van                           , 10         , $44.93  , France
Prescott Blankenship, 1-213-515-6451, tincidunt@hotmail.com                   , "P.O. Box 211, 4183 Leo Rd."        , Bắc Ninh                      , 1          , $45.19  , Germany
Nissim Whitaker     , 1-881-556-6876, quisque.ac@protonmail.couk              , Ap #103-4854 Ultrices. Rd.          , South Australia               , 9          , $25.53  , United States
Holly Ferrell       , 1-586-556-8309, tellus@outlook.net                      , 188-6373 Risus. Ave                 , Madrid                        , 8          , $92.34  , Austria
Gary Osborne        , 1-718-859-2375, sed.pede@hotmail.ca                     , 5629 Ac Av.                         , Chernivtsi oblast             , 2          , $22.92  , India
Karyn Sanford       , 1-585-276-4472, neque@aol.com                           , 955-9608 Lacus. Rd.                 , Katsina                       , 1          , $93.07  , New Zealand
Jillian Gamble      , (856) 825-3617, mauris.a@aol.edu                        , Ap #381-2796 Posuere Street         , Newfoundland and Labrador     , 4          , $61.27  , Chile
Ora Mclean          , 1-481-150-8938, posuere.enim.nisl@aol.couk              , Ap #762-4088 Duis Av.               , Limón                         , 6          , $21.17  , Turkey
Nina Combs          , (782) 650-1283, aliquam.fringilla.cursus@outlook.org    , "P.O. Box 238, 2056 At, St."        , Gangwon                       , 4          , $88.86  , Germany
Iona Vincent        , (623) 685-0844, nulla.interdum.curabitur@yahoo.com      , "P.O. Box 537, 4949 Dolor. Ave"     , Guanacaste                    , 1          , $27.33  , Singapore
Gregory Dudley      , (837) 841-5066, adipiscing@hotmail.com                  , 517-7214 Dui St.                    , São Paulo                     , 8          , $56.23  , Italy
